Dataset Name,Size After pre-processing,Size After selecting top genes,Cluster Algo,top_genes,Base ARI,ARI_magic,ARI_knn,ARI_softimpute,ARI_simpleimpute,Base NMI,NMI_magic,NMI_knn,NMI_softimpute,NMI_simpleimpute,Base AMI,AMI_magic,AMI_knn,AMI_softimpute,AMI_simpleimpute,Base HOMO,HOMO_magic,HOMO_knn,HOMO_softimpute,HOMO_simpleimpute,Raw zero Exp val (%),magic zero Exp val (%),knn zero Exp val (%),softimpute zero Exp val (%),simpleimpute zero Exp val (%),magic Runtime (s),knn Runtime (s),softimpute Runtime (s),simpleimpute Runtime (s),magic Memory (MB),knn Memory (MB),softimpute Memory (MB),simpleimpute Memory (MB)
slide_seq_WT1_T3_processed.h5ad,9008x16598,9008x2000,Leiden,2000,0.28397162,0.142597271,0.28397162,0.174028897,0.227718637,0.378166854,0.343995413,0.378166854,0.261439457,0.215202352,0.376985923,0.340793639,0.376985923,0.259878015,0.213696645,0.467591998,0.557145257,0.467591998,0.333024171,0.263691229,93.31668517,0.292084813,93.31668517,0,0,17.85501003,0.201199293,42.39941239,0.685498238,292.8195114,240.701767,514.3988895,488.1174507
slide_seq_WT1_T3_processed.h5ad,9008x16598,9008x5000,Leiden,5000,0.249028243,0.123176264,0.249028243,0.186267925,0.267327586,0.362176681,0.3434653,0.362176681,0.29991069,0.340787922,0.360833213,0.339604557,0.360833213,0.298308179,0.33952289,0.462963629,0.582041758,0.462963629,0.397695169,0.415865415,93.90202709,0.523343694,93.90202709,0,0,18.32042265,0.574202061,102.1600428,1.708394766,706.4459887,601.5367508,1289.798402,1226.061942
slide_seq_WT1_T3_processed.h5ad,9008x16598,9008x16598,Leiden,all,0.247612174,0.101858492,0.252730668,0.127432344,0.177917371,0.385417641,0.340127971,0.384605744,0.265032139,0.303271162,0.383883554,0.33585105,0.383066071,0.262777087,0.301512466,0.522323118,0.595737893,0.52010054,0.382283617,0.406710162,94.01530085,0.764977194,94.01530085,0,0,64.20177126,2.86250329,343.6502709,9.454512358,2924.751055,1996.388533,4283.858497,4073.50526
slide_seq_diabetes1_T4_processed.h5ad,9435x16884,9435x2000,Leiden,2000,0.243514948,0.112655024,0.243514948,0.1852825,0.205829714,0.358416488,0.325386408,0.358416488,0.289830639,0.272090302,0.356934353,0.322110479,0.356934353,0.288611209,0.270696097,0.465796252,0.518739161,0.465796252,0.350552284,0.338176473,93.53491256,0.447021728,93.53491256,0,0,18.04948401,0.23744154,43.24619722,0.702007294,306.5904436,252.1038971,539.4049129,512.1869316
slide_seq_diabetes1_T4_processed.h5ad,9435x16884,9435x5000,Leiden,5000,0.197278806,0.107494973,0.197278806,0.178829673,0.19198044,0.349480043,0.326467967,0.349480043,0.282044438,0.289175726,0.347999692,0.322982502,0.347999692,0.28034631,0.287815532,0.459251952,0.530652714,0.459251952,0.360108376,0.359882171,93.85217594,0.601598304,93.85217594,0,0,19.74266577,0.613005638,102.6913266,1.795140266,739.782877,630.0420761,1350.571168,1283.627105
slide_seq_diabetes1_T4_processed.h5ad,9435x16884,9435x16884,Leiden,all,0.171132303,0.087702498,0.175940285,0.140542756,0.17498636,0.353262513,0.325840854,0.354193216,0.258972824,0.255167513,0.351782034,0.321953835,0.352361864,0.256892492,0.253878663,0.461847714,0.544655463,0.490982396,0.361628182,0.306531953,93.72926294,0.958495809,93.72926294,0,0,73.34421706,3.025497913,382.5840237,12.84959245,3134.944559,2127.042336,4557.270082,4329.650203
stickles_mouse_slideseq_processed.h5ad,22650x3919,22650x2000,Leiden,2000,0.220534786,0.14558468,0.220534786,0.083440368,0.126699622,0.285311684,0.276490757,0.285311684,0.208383018,0.181143759,0.284169252,0.274398647,0.284169252,0.206508292,0.179588685,0.291817933,0.326631825,0.291817933,0.232795132,0.192270152,96.51845254,1.137838852,96.51845254,0,0,157.0357955,0.441290617,103.0134091,1.796091557,734.7705145,604.9824142,1315.330214,1260.180149
stickles_mouse_slideseq_processed.h5ad,22650x3919,22650x3919,Leiden,all,0.190041741,0.154109967,0.190041741,0.084314822,0.119842728,0.298241758,0.294230478,0.298241758,0.213337603,0.216146309,0.297220285,0.292073817,0.297220285,0.211630172,0.214768603,0.307046851,0.352840529,0.307046851,0.235008762,0.230790582,95.78127163,2.0311011,95.78127163,0,0,159.8145108,1.190747738,200.2001121,3.691197395,1398.883944,1185.324351,2567.261252,2454.176508
