Dataset Name,Size After pre-processing,Size After selecting top genes,Cluster Algo,top_genes,Base ARI,ARI_magic,ARI_knn,ARI_softimpute,ARI_simpleimpute,ARI_scVI,ARI_gimVI,ARI_tangram,Base NMI,NMI_magic,NMI_knn,NMI_softimpute,NMI_simpleimpute,NMI_scVI,NMI_gimVI,NMI_tangram,Base AMI,AMI_magic,AMI_knn,AMI_softimpute,AMI_simpleimpute,AMI_scVI,AMI_gimVI,AMI_tangram,Base HOMO,HOMO_magic,HOMO_knn,HOMO_softimpute,HOMO_simpleimpute,HOMO_scVI,HOMO_gimVI,HOMO_tangram,Raw zero Exp val (%),magic zero Exp val (%),knn zero Exp val (%),softimpute zero Exp val (%),simpleimpute zero Exp val (%),scVI zero Exp val (%),gimVI zero Exp val (%),tangram zero Exp val (%),magic Runtime (s),knn Runtime (s),softimpute Runtime (s),simpleimpute Runtime (s),scVI Runtime (s),gimVI Runtime (s),tangram Runtime (s),magic Memory (MB),knn Memory (MB),softimpute Memory (MB),simpleimpute Memory (MB),scVI Memory (MB),gimVI Memory (MB),tangram Memory (MB)
slide_seq_WT1_T3_processed.h5ad,9008x16598,9008x2000,Leiden,2000,0.28397162,0.142597271,0.28397162,0.174028897,0.227718637,0.21505068,0.118157472,0.301145844,0.378166854,0.343995413,0.378166854,0.261439457,0.215202352,0.356289378,0.333595202,0.385420441,0.376985923,0.340793639,0.376985923,0.259878015,0.213696645,0.354566831,0.330492768,0.384237565,0.467591998,0.557145257,0.467591998,0.333024171,0.263691229,0.496347997,0.542040867,0.470251365,93.31668517,0.292084813,93.31668517,0,0,0,0,0,17.85501003,0.201199293,42.39941239,0.685498238,798.7495987,1266.094481,30.13631344,292.8195114,240.701767,514.3988895,488.1174507,146.2631016,633.1667566,874.3331347
slide_seq_WT1_T3_processed.h5ad,9008x16598,9008x5000,Leiden,5000,0.249028243,0.123176264,0.249028243,0.186267925,0.267327586,0.202821501,0.120208447,0.261816939,0.362176681,0.3434653,0.362176681,0.29991069,0.340787922,0.366933959,0.34571599,0.374468863,0.360833213,0.339604557,0.360833213,0.298308179,0.33952289,0.364962952,0.342553574,0.373159151,0.462963629,0.582041758,0.462963629,0.397695169,0.415865415,0.52162861,0.56601693,0.481239297,93.90202709,0.523343694,93.90202709,0,0,0,0,0,18.32042265,0.574202061,102.1600428,1.708394766,766.4950438,1329.91769,53.84844995,706.4459887,601.5367508,1289.798402,1226.061942,354.3512545,1564.612313,1655.830035
slide_seq_WT1_T3_processed.h5ad,9008x16598,9008x16598,Leiden,all,0.247612174,0.101858492,0.252730668,0.127432344,0.177917371,0.22667546,0.125722287,0.244399171,0.385417641,0.340127971,0.384605744,0.265032139,0.303271162,0.379343301,0.35074224,0.384418047,0.383883554,0.33585105,0.383066071,0.262777087,0.301512466,0.377544268,0.347709934,0.382871707,0.522323118,0.595737893,0.52010054,0.382283617,0.406710162,0.533851796,0.568239658,0.517902786,94.01530085,0.764977194,94.01530085,0,0,0,0,0,64.20177126,2.86250329,343.6502709,9.454512358,947.021832,1821.883003,193.8496273,2924.751055,1996.388533,4283.858497,4073.50526,1158.393049,5154.290853,5451.841236
slide_seq_diabetes1_T4_processed.h5ad,9435x16884,9435x2000,Leiden,2000,0.243514948,0.112655024,0.243514948,0.1852825,0.205829714,0.135832187,0.122205833,0.292813652,0.358416488,0.325386408,0.358416488,0.289830639,0.272090302,0.308196966,0.335259019,0.355300751,0.356934353,0.322110479,0.356934353,0.288611209,0.270696097,0.306035176,0.33260553,0.3538973,0.465796252,0.518739161,0.465796252,0.350552284,0.338176473,0.447309031,0.515429629,0.439403739,93.53491256,0.447021728,93.53491256,0,0,0,0,0,18.04948401,0.23744154,43.24619722,0.702007294,801.2220044,1381.125382,33.65593934,306.5904436,252.1038971,539.4049129,512.1869316,153.3055143,662.912858,946.2240438
slide_seq_diabetes1_T4_processed.h5ad,9435x16884,9435x5000,Leiden,5000,0.197278806,0.107494973,0.197278806,0.178829673,0.19198044,0.157668854,0.125327268,0.20178274,0.349480043,0.326467967,0.349480043,0.282044438,0.289175726,0.333342781,0.345069152,0.349395446,0.347999692,0.322982502,0.347999692,0.28034631,0.287815532,0.33135706,0.342346984,0.347908605,0.459251952,0.530652714,0.459251952,0.360108376,0.359882171,0.473534448,0.536118075,0.457584513,93.85217594,0.601598304,93.85217594,0,0,0,0,0,19.74266577,0.613005638,102.6913266,1.795140266,816.6546092,1346.786056,57.34632611,739.782877,630.0420761,1350.571168,1283.627105,371.6518202,1637.403872,1733.58002
slide_seq_diabetes1_T4_processed.h5ad,9435x16884,9435x16884,Leiden,all,0.171132303,0.087702498,0.175940285,0.140542756,0.17498636,0.176252474,0.115620489,0.240666658,0.353262513,0.325840854,0.354193216,0.258972824,0.255167513,0.343545,0.34356504,0.374009492,0.351782034,0.321953835,0.352361864,0.256892492,0.253878663,0.341811106,0.340612172,0.372334639,0.461847714,0.544655463,0.490982396,0.361628182,0.306531953,0.469889446,0.542989962,0.506163968,93.72926294,0.958495809,93.72926294,0,0,0,0,0,73.34421706,3.025497913,382.5840237,12.84959245,943.7852883,1723.154321,489.6053104,3134.944559,2127.042336,4557.270082,4329.650203,1233.077978,5490.72879,5811.001704
stickles_mouse_slideseq_processed.h5ad,22650x3919,22650x2000,Leiden,2000,0.220534786,0.14558468,0.220534786,0.083440368,0.126699622,0.116068498,0.10574738,0.172188212,0.285311684,0.276490757,0.285311684,0.208383018,0.181143759,0.225938212,0.261240134,0.264792354,0.284169252,0.274398647,0.284169252,0.206508292,0.179588685,0.224270556,0.259154469,0.263480025,0.291817933,0.326631825,0.291817933,0.232795132,0.192270152,0.250953718,0.314277002,0.278687335,96.51845254,1.137838852,96.51845254,0,0,0,0,0,157.0357955,0.441290617,103.0134091,1.796091557,1873.78403,3148.194003,92.18908215,734.7705145,604.9824142,1315.330214,1260.180149,508.17836,1875.954034,5115.49191
stickles_mouse_slideseq_processed.h5ad,22650x3919,22650x3919,Leiden,all,0.190041741,0.154109967,0.190041741,0.084314822,0.119842728,0.159642933,0.159491922,0.161358137,0.298241758,0.294230478,0.298241758,0.213337603,0.216146309,0.273079065,0.306328751,0.29276317,0.297220285,0.292073817,0.297220285,0.211630172,0.214768603,0.271589782,0.304625057,0.291655997,0.307046851,0.352840529,0.307046851,0.235008762,0.230790582,0.301783631,0.359562602,0.303816029,95.78127163,2.0311011,95.78127163,0,0,0,0,0,159.8145108,1.190747738,200.2001121,3.691197395,1908.294981,3288.359863,148.1970849,1398.883944,1185.324351,2567.261252,2454.176508,841.5984297,3370.07643,7211.364503
